{
  "pageData": {
    "version": 1,
    "componentDefinitions": {
      "version": 2,
      "importFiles": [
        "../../Generic/Generic Knob Overlay.json",
        "../../Generic/Generic Menu Overlay.json"
      ],
      "localComponentDefinitions": [
        {
          "key": "numericOverlay",
          "value": {
            "version": 2,
            "actions": [],
            "backgroundData": {
              "version": 1,
              "focussed": {
                "version": 1,
                "colour": "0",
                "image": ""
              },
              "unfocussed": {
                "version": 1,
                "colour": "0",
                "image": ""
              }
            },
            "ignoreMousePresses": true,
            "disableCoarseDataWheel": false,
            "componentsData": [
              {
                "version": 2,
                "componentData": {
                  "version": 1,
                  "name": "Numeric Overlay",
                  "type": "NumericOverlay",
                  "data": {
                    "version": 1,
                    "actions": [
                      {
                        "version": 1,
                        "onAction": "Focus Lost",
                        "handler": "Focus Lost",
                        "handleName": "Focus Lost",
                        "additionalData": ""
                      }
                    ],
                    "handleName": "Data"
                  }
                },
                "handle remapping": {
                  "version": 1,
                  "map": []
                },
                "bounds": {
                  "version": 1,
                  "acceptsHWFocus": "Yes",
                  "showWhenDataModelInvalid": "Show",
                  "whenVisible": "Always",
                  "boundsType": "Absolute",
                  "bounds": "0 0 1280 800"
                }
              }
            ]
          }
        },
        {
          "key": "comboBox",
          "value": {
            "version": 2,
            "actions": [
              {
                "version": 1,
                "onAction": "Double Click",
                "handler": "Show Overlay",
                "handleName": "",
                "additionalData": "menu overlay"
              },
              {
                "version": 1,
                "onAction": "Enter Pressed",
                "handler": "Show Overlay",
                "handleName": "",
                "additionalData": "menu overlay"
              },
              {
                "version": 1,
                "onAction": "Mouse Down",
                "handler": "Q-Link",
                "handleName": "Data",
                "additionalData": ""
              }
            ],
            "backgroundData": {
              "version": 1,
              "focussed": {
                "version": 1,
                "colour": "0",
                "image": ""
              },
              "unfocussed": {
                "version": 1,
                "colour": "0",
                "image": ""
              }
            },
            "ignoreMousePresses": false,
            "disableCoarseDataWheel": false,
            "componentsData": [
              {
                "version": 2,
                "componentData": {
                  "version": 1,
                  "name": "Focus",
                  "type": "Focus",
                  "data": {
                    "version": 1,
                    "backgroundColour": "19ffffff",
                    "outlineColour": "ffe81f40",
                    "backgroundInset": 4.0,
                    "outlineThickness": 1.0
                  }
                },
                "handle remapping": {
                  "version": 1,
                  "map": []
                },
                "bounds": {
                  "version": 1,
                  "acceptsHWFocus": "No",
                  "showWhenDataModelInvalid": "Show",
                  "whenVisible": "WhenFocussed",
                  "boundsType": "Proportional",
                  "bounds": "0 0 1 1"
                }
              },
              {
                "version": 2,
                "componentData": {
                  "version": 1,
                  "name": "Label",
                  "type": "Label",
                  "data": {
                    "version": 1,
                    "textStyle": {
                      "version": 1,
                      "font": {
                        "version": 1,
                        "name": "Titillium Web",
                        "style": "Light",
                        "height": 35
                      },
                      "colour": "ffff5273",
                      "justification": "horizontallyCentred verticallyCentred",
                      "case": "Original"
                    },
                    "type": "Value",
                    "handleName": "Data"
                  }
                },
                "handle remapping": {
                  "version": 1,
                  "map": []
                },
                "bounds": {
                  "version": 1,
                  "acceptsHWFocus": "No",
                  "showWhenDataModelInvalid": "Show",
                  "whenVisible": "Always",
                  "boundsType": "Proportional",
                  "bounds": "0 0 1 1"
                }
              }
            ]
          }
        },
        {
          "key": "faderLg",
          "value": {
            "version": 2,
            "actions": [
              {
                "version": 1,
                "onAction": "Mouse Down",
                "handler": "Q-Link",
                "handleName": "Data",
                "additionalData": ""
              },
              {
                "version": 1,
                "onAction": "Double Click",
                "handler": "Show Overlay",
                "handleName": "",
                "additionalData": "knob overlay"
              },
              {
                "version": 1,
                "onAction": "Enter Pressed",
                "handler": "Show Overlay",
                "handleName": "",
                "additionalData": "knob overlay"
              }
            ],
            "backgroundData": {
              "version": 1,
              "focussed": {
                "version": 1,
                "colour": "0",
                "image": ""
              },
              "unfocussed": {
                "version": 1,
                "colour": "0",
                "image": ""
              }
            },
            "ignoreMousePresses": false,
            "disableCoarseDataWheel": false,
            "componentsData": [
              {
                "version": 2,
                "componentData": {
                  "version": 1,
                  "name": "Focus",
                  "type": "Focus",
                  "data": {
                    "version": 1,
                    "backgroundColour": "00ffffff",
                    "outlineColour": "ffe81f40",
                    "backgroundInset": 4.0,
                    "outlineThickness": 1.0
                  }
                },
                "handle remapping": {
                  "version": 1,
                  "map": []
                },
                "bounds": {
                  "version": 1,
                  "acceptsHWFocus": "No",
                  "showWhenDataModelInvalid": "Show",
                  "whenVisible": "WhenFocussed",
                  "boundsType": "Absolute",
                  "bounds": "0 35 90 340"
                }
              },
              {
                "version": 2,
                "componentData": {
                  "version": 1,
                  "name": "Knob",
                  "type": "Knob",
                  "data": {
                    "version": 1,
                    "knobType": "FilmStrip",
                    "filmStrip": "fadercap_lg.png",
                    "numFrames": 127,
                    "handleName": "Data"
                  }
                },
                "handle remapping": {
                  "version": 1,
                  "map": []
                },
                "bounds": {
                  "version": 1,
                  "acceptsHWFocus": "Yes",
                  "showWhenDataModelInvalid": "Hide",
                  "whenVisible": "Always",
                  "boundsType": "Absolute",
                  "bounds": "0 0 125 400"
                }
              }
            ]
          }
        },
        {
          "key": "potRegular",
          "value": {
            "version": 2,
            "actions": [
              {
                "version": 1,
                "onAction": "Mouse Down",
                "handler": "Q-Link",
                "handleName": "Data",
                "additionalData": ""
              },
              {
                "version": 1,
                "onAction": "Double Click",
                "handler": "Show Overlay",
                "handleName": "",
                "additionalData": "knob overlay"
              },
              {
                "version": 1,
                "onAction": "Enter Pressed",
                "handler": "Show Overlay",
                "handleName": "",
                "additionalData": "knob overlay"
              }
            ],
            "backgroundData": {
              "version": 1,
              "focussed": {
                "version": 1,
                "colour": "0",
                "image": ""
              },
              "unfocussed": {
                "version": 1,
                "colour": "0",
                "image": ""
              }
            },
            "ignoreMousePresses": false,
            "disableCoarseDataWheel": false,
            "componentsData": [
              {
                "version": 2,
                "componentData": {
                  "version": 1,
                  "name": "Focus",
                  "type": "Focus",
                  "data": {
                    "version": 1,
                    "backgroundColour": "00ffffff",
                    "outlineColour": "ffe81f40",
                    "backgroundInset": 4.0,
                    "outlineThickness": 1.0
                  }
                },
                "handle remapping": {
                  "version": 1,
                  "map": []
                },
                "bounds": {
                  "version": 1,
                  "acceptsHWFocus": "No",
                  "showWhenDataModelInvalid": "Show",
                  "whenVisible": "WhenFocussed",
                  "boundsType": "Absolute",
                  "bounds": "0 0 68 68"
                }
              },
              {
                "version": 2,
                "componentData": {
                  "version": 1,
                  "name": "Knob",
                  "type": "Knob",
                  "data": {
                    "version": 1,
                    "knobType": "FilmStrip",
                    "filmStrip": "pot_lg.png",
                    "numFrames": 63,
                    "handleName": "Data"
                  }
                },
                "handle remapping": {
                  "version": 1,
                  "map": []
                },
                "bounds": {
                  "version": 1,
                  "acceptsHWFocus": "No",
                  "showWhenDataModelInvalid": "Show",
                  "whenVisible": "Always",
                  "boundsType": "Absolute",
                  "bounds": "0 0 100 100"
                }
              }
            ]
          }
        },
        {
          "key": "potPanning",
          "value": {
            "version": 2,
            "actions": [
              {
                "version": 1,
                "onAction": "Mouse Down",
                "handler": "Q-Link",
                "handleName": "Data",
                "additionalData": ""
              },
              {
                "version": 1,
                "onAction": "Double Click",
                "handler": "Show Overlay",
                "handleName": "",
                "additionalData": "knob overlay"
              },
              {
                "version": 1,
                "onAction": "Enter Pressed",
                "handler": "Show Overlay",
                "handleName": "",
                "additionalData": "knob overlay"
              }
            ],
            "backgroundData": {
              "version": 1,
              "focussed": {
                "version": 1,
                "colour": "0",
                "image": ""
              },
              "unfocussed": {
                "version": 1,
                "colour": "0",
                "image": ""
              }
            },
            "ignoreMousePresses": false,
            "disableCoarseDataWheel": false,
            "componentsData": [
              {
                "version": 2,
                "componentData": {
                  "version": 1,
                  "name": "Focus",
                  "type": "Focus",
                  "data": {
                    "version": 1,
                    "backgroundColour": "00ffffff",
                    "outlineColour": "ffe81f40",
                    "backgroundInset": 4.0,
                    "outlineThickness": 1.0
                  }
                },
                "handle remapping": {
                  "version": 1,
                  "map": []
                },
                "bounds": {
                  "version": 1,
                  "acceptsHWFocus": "No",
                  "showWhenDataModelInvalid": "Show",
                  "whenVisible": "WhenFocussed",
                  "boundsType": "Absolute",
                  "bounds": "0 0 100 100"
                }
              },
              {
                "version": 2,
                "componentData": {
                  "version": 1,
                  "name": "Knob",
                  "type": "Knob",
                  "data": {
                    "version": 1,
                    "knobType": "FilmStrip",
                    "filmStrip": "pot_pan.png",
                    "numFrames": 63,
                    "handleName": "Data"
                  }
                },
                "handle remapping": {
                  "version": 1,
                  "map": []
                },
                "bounds": {
                  "version": 1,
                  "acceptsHWFocus": "No",
                  "showWhenDataModelInvalid": "Show",
                  "whenVisible": "Always",
                  "boundsType": "Absolute",
                  "bounds": "0 0 100 100"
                }
              }
            ]
          }
        },
        {
          "key": "lcdDisplay",
          "value": {
            "version": 2,
            "actions": [
              {
                "version": 1,
                "onAction": "Mouse Down",
                "handler": "Q-Link",
                "handleName": "Data",
                "additionalData": ""
              },
              {
                "version": 1,
                "onAction": "Double Click",
                "handler": "Show Overlay",
                "handleName": "",
                "additionalData": "knob overlay"
              },
              {
                "version": 1,
                "onAction": "Enter Pressed",
                "handler": "Show Overlay",
                "handleName": "",
                "additionalData": "knob overlay"
              }
            ],
            "backgroundData": {
              "version": 1,
              "focussed": {
                "version": 1,
                "colour": "0",
                "image": ""
              },
              "unfocussed": {
                "version": 1,
                "colour": "0",
                "image": ""
              }
            },
            "ignoreMousePresses": false,
            "disableCoarseDataWheel": false,
            "componentsData": [
              {
                "version": 2,
                "componentData": {
                  "version": 1,
                  "name": "Focus",
                  "type": "Focus",
                  "data": {
                    "version": 1,
                    "backgroundColour": "00ffffff",
                    "outlineColour": "ffe81f40",
                    "backgroundInset": 4.0,
                    "outlineThickness": 1.0
                  }
                },
                "handle remapping": {
                  "version": 1,
                  "map": []
                },
                "bounds": {
                  "version": 1,
                  "acceptsHWFocus": "No",
                  "showWhenDataModelInvalid": "Show",
                  "whenVisible": "WhenFocussed",
                  "boundsType": "Absolute",
                  "bounds": "0 0 93 92"
                }
              },
              {
                "version": 2,
                "componentData": {
                  "version": 1,
                  "name": "Knob",
                  "type": "Knob",
                  "data": {
                    "version": 1,
                    "knobType": "FilmStrip",
                    "filmStrip": "lcd_characters.png",
                    "numFrames": 17,
                    "handleName": "Data"
                  }
                },
                "handle remapping": {
                  "version": 1,
                  "map": []
                },
                "bounds": {
                  "version": 1,
                  "acceptsHWFocus": "No",
                  "showWhenDataModelInvalid": "Show",
                  "whenVisible": "Always",
                  "boundsType": "Absolute",
                  "bounds": "0 0 100 100"
                }
              }
            ]
          }
        },
        {
          "key": "knobWithHandle",
          "value": {
            "version": 2,
            "actions": [
              {
                "version": 1,
                "onAction": "Mouse Down",
                "handler": "Q-Link",
                "handleName": "Data",
                "additionalData": ""
              },
              {
                "version": 1,
                "onAction": "Double Click",
                "handler": "Show Overlay",
                "handleName": "",
                "additionalData": "knob overlay"
              },
              {
                "version": 1,
                "onAction": "Enter Pressed",
                "handler": "Show Overlay",
                "handleName": "",
                "additionalData": "knob overlay"
              }
            ],
            "backgroundData": {
              "version": 1,
              "focussed": {
                "version": 1,
                "colour": "0",
                "image": ""
              },
              "unfocussed": {
                "version": 1,
                "colour": "0",
                "image": ""
              }
            },
            "ignoreMousePresses": false,
            "disableCoarseDataWheel": false,
            "componentsData": [
              {
                "version": 2,
                "componentData": {
                  "version": 1,
                  "name": "Focus",
                  "type": "Focus",
                  "data": {
                    "version": 1,
                    "backgroundColour": "19ffffff",
                    "outlineColour": "ffe81f40",
                    "backgroundInset": 4.0,
                    "outlineThickness": 1.0
                  }
                },
                "handle remapping": {
                  "version": 1,
                  "map": []
                },
                "bounds": {
                  "version": 1,
                  "acceptsHWFocus": "No",
                  "showWhenDataModelInvalid": "Show",
                  "whenVisible": "WhenFocussed",
                  "boundsType": "Absolute",
                  "bounds": "0 0 73 73"
                }
              },
              {
                "version": 2,
                "componentData": {
                  "version": 1,
                  "name": "Knob",
                  "type": "Knob",
                  "data": {
                    "version": 1,
                    "knobType": "FilmStrip",
                    "filmStrip": "KnobSmallHandle_scaled.png",
                    "numFrames": 121,
                    "handleName": "Data"
                  }
                },
                "handle remapping": {
                  "version": 1,
                  "map": []
                },
                "bounds": {
                  "version": 1,
                  "acceptsHWFocus": "Yes",
                  "showWhenDataModelInvalid": "Show",
                  "whenVisible": "Always",
                  "boundsType": "Absolute",
                  "bounds": "0 0 75 75"
                }
              }
            ]
          }
        },
        {
          "key": "comboBox",
          "value": {
            "version": 2,
            "actions": [
              {
                "version": 1,
                "onAction": "Double Click",
                "handler": "Show Overlay",
                "handleName": "",
                "additionalData": "menu overlay"
              },
              {
                "version": 1,
                "onAction": "Enter Pressed",
                "handler": "Show Overlay",
                "handleName": "",
                "additionalData": "menu overlay"
              },
              {
                "version": 1,
                "onAction": "Mouse Down",
                "handler": "Q-Link",
                "handleName": "Data",
                "additionalData": ""
              }
            ],
            "backgroundData": {
              "version": 1,
              "focussed": {
                "version": 1,
                "colour": "0",
                "image": ""
              },
              "unfocussed": {
                "version": 1,
                "colour": "0",
                "image": ""
              }
            },
            "ignoreMousePresses": false,
            "disableCoarseDataWheel": false,
            "componentsData": [
              {
                "version": 2,
                "componentData": {
                  "version": 1,
                  "name": "Focus",
                  "type": "Focus",
                  "data": {
                    "version": 1,
                    "backgroundColour": "19ffffff",
                    "outlineColour": "ffe81f40",
                    "backgroundInset": 4.0,
                    "outlineThickness": 1.0
                  }
                },
                "handle remapping": {
                  "version": 1,
                  "map": []
                },
                "bounds": {
                  "version": 1,
                  "acceptsHWFocus": "No",
                  "showWhenDataModelInvalid": "Show",
                  "whenVisible": "WhenFocussed",
                  "boundsType": "Proportional",
                  "bounds": "0 0 1 1"
                }
              },
              {
                "version": 2,
                "componentData": {
                  "version": 1,
                  "name": "Label",
                  "type": "Label",
                  "data": {
                    "version": 1,
                    "textStyle": {
                      "version": 1,
                      "font": {
                        "version": 1,
                        "name": "Titillium Web",
                        "style": "Light",
                        "height": 35
                      },
                      "colour": "ffff5273",
                      "justification": "horizontallyCentred verticallyCentred",
                      "case": "Original"
                    },
                    "type": "Value",
                    "handleName": "Data"
                  }
                },
                "handle remapping": {
                  "version": 1,
                  "map": []
                },
                "bounds": {
                  "version": 1,
                  "acceptsHWFocus": "No",
                  "showWhenDataModelInvalid": "Show",
                  "whenVisible": "Always",
                  "boundsType": "Proportional",
                  "bounds": "0 0 1 1"
                }
              }
            ]
          }
        },
        {
          "key": "button",
          "value": {
            "version": 2,
            "actions": [
              {
                "version": 1,
                "onAction": "Enter Pressed",
                "handler": "Toggle Switch",
                "handleName": "Data",
                "additionalData": ""
              }
            ],
            "backgroundData": {
              "version": 1,
              "focussed": {
                "version": 1,
                "colour": "0",
                "image": ""
              },
              "unfocussed": {
                "version": 1,
                "colour": "0",
                "image": ""
              }
            },
            "ignoreMousePresses": false,
            "disableCoarseDataWheel": false,
            "componentsData": [
              {
                "version": 2,
                "componentData": {
                  "version": 1,
                  "name": "",
                  "type": "Button",
                  "data": {
                    "version": 1,
                    "onImage": "button.png",
                    "offImage": "button.png",
                    "buttonId": 1,
                    "numButtonsInGroup": 1,
                    "handleName": "Data"
                  }
                },
                "handle remapping": {
                  "version": 1,
                  "map": []
                },
                "bounds": {
                  "version": 1,
                  "acceptsHWFocus": "No",
                  "showWhenDataModelInvalid": "Show",
                  "whenVisible": "Always",
                  "boundsType": "Absolute",
                  "bounds": "0 0 100 100"
                }
              }
            ]
          }
        },
        {
          "key": "slideSwitch",
          "value": {
            "version": 2,
            "actions": [
              {
                "version": 1,
                "onAction": "Enter Pressed",
                "handler": "Toggle Switch",
                "handleName": "Data",
                "additionalData": ""
              }
            ],
            "backgroundData": {
              "version": 1,
              "focussed": {
                "version": 1,
                "colour": "0",
                "image": ""
              },
              "unfocussed": {
                "version": 1,
                "colour": "0",
                "image": ""
              }
            },
            "ignoreMousePresses": false,
            "disableCoarseDataWheel": false,
            "componentsData": [
              {
                "version": 2,
                "componentData": {
                  "version": 1,
                  "name": "",
                  "type": "Button",
                  "data": {
                    "version": 1,
                    "onImage": "slideSwitch_pre.png",
                    "offImage": "slideSwitch_post.png",
                    "buttonId": 1,
                    "numButtonsInGroup": 1,
                    "handleName": "Data"
                  }
                },
                "handle remapping": {
                  "version": 1,
                  "map": []
                },
                "bounds": {
                  "version": 1,
                  "acceptsHWFocus": "No",
                  "showWhenDataModelInvalid": "Show",
                  "whenVisible": "Always",
                  "boundsType": "Absolute",
                  "bounds": "0 0 100 100"
                }
              }
            ]
          }
        },
        {
          "key": "statusLed",
          "value": {
            "version": 2,
            "actions": [
              {
                "version": 1,
                "onAction": "Enter Pressed",
                "handler": "Toggle Switch",
                "handleName": "Data",
                "additionalData": ""
              }
            ],
            "backgroundData": {
              "version": 1,
              "focussed": {
                "version": 1,
                "colour": "0",
                "image": ""
              },
              "unfocussed": {
                "version": 1,
                "colour": "0",
                "image": ""
              }
            },
            "ignoreMousePresses": true,
            "disableCoarseDataWheel": false,
            "componentsData": [
              {
                "version": 2,
                "componentData": {
                  "version": 1,
                  "name": "",
                  "type": "Button",
                  "data": {
                    "version": 1,
                    "onImage": "statusLed_on.png",
                    "offImage": "statusLed_off.png",
                    "buttonId": 1,
                    "numButtonsInGroup": 1,
                    "handleName": "Data"
                  }
                },
                "handle remapping": {
                  "version": 1,
                  "map": []
                },
                "bounds": {
                  "version": 1,
                  "acceptsHWFocus": "No",
                  "showWhenDataModelInvalid": "Show",
                  "whenVisible": "Always",
                  "boundsType": "Absolute",
                  "bounds": "0 0 100 100"
                }
              }
            ]
          }
        },
        {
          "key": "perfGui",
          "value": {
            "version": 2,
            "actions": [],
            "backgroundData": {
              "version": 1,
              "focussed": {
                "version": 1,
                "colour": "0",
                "image": ""
              },
              "unfocussed": {
                "version": 1,
                "colour": "0",
                "image": ""
              }
            },
            "ignoreMousePresses": false,
            "disableCoarseDataWheel": false,
            "componentsData": [
              {
                "version": 2,
                "componentData": {
                  "version": 1,
                  "name": "Image",
                  "type": "Image",
                  "data": {
                    "version": 2,
                    "imageType": "Regular",
                    "colour": "000000",
                    "image": "background.png"
                  }
                },
                "handle remapping": {
                  "version": 1,
                  "map": [
                    {
                      "key": "Data",
                      "value": "Invalid"
                    }
                  ]
                },
                "bounds": {
                  "version": 1,
                  "acceptsHWFocus": "No",
                  "showWhenDataModelInvalid": "Show",
                  "whenVisible": "Always",
                  "boundsType": "Absolute",
                  "bounds": "0 0 1280 630"
                }
              },
              {
                "version": 2,
                "componentData": {
                  "version": 1,
                  "name": "rxFader1",
                  "type": "faderLg",
                  "data": {
                    "version": 1,
                    "handleName": "Data"
                  }
                },
                "handle remapping": {
                  "version": 1,
                  "map": [
                    {
                      "key": "Data",
                      "value": "Parameter 35"
                    }
                  ]
                },
                "bounds": {
                  "version": 1,
                  "acceptsHWFocus": "Yes",
                  "showWhenDataModelInvalid": "Hide",
                  "whenVisible": "Always",
                  "boundsType": "Absolute",
                  "bounds": "210 200 110 400"
                }
              },
              {
                "version": 2,
                "componentData": {
                  "version": 1,
                  "name": "rxFader2",
                  "type": "faderLg",
                  "data": {
                    "version": 1,
                    "handleName": "Data"
                  }
                },
                "handle remapping": {
                  "version": 1,
                  "map": [
                    {
                      "key": "Data",
                      "value": "Parameter 36"
                    }
                  ]
                },
                "bounds": {
                  "version": 1,
                  "acceptsHWFocus": "Yes",
                  "showWhenDataModelInvalid": "Hide",
                  "whenVisible": "Always",
                  "boundsType": "Absolute",
                  "bounds": "330 200 110 420"
                }
              },
              {
                "version": 2,
                "componentData": {
                  "version": 1,
                  "name": "rxFader3",
                  "type": "faderLg",
                  "data": {
                    "version": 1,
                    "handleName": "Data"
                  }
                },
                "handle remapping": {
                  "version": 1,
                  "map": [
                    {
                      "key": "Data",
                      "value": "Parameter 37"
                    }
                  ]
                },
                "bounds": {
                  "version": 1,
                  "acceptsHWFocus": "Yes",
                  "showWhenDataModelInvalid": "Hide",
                  "whenVisible": "Always",
                  "boundsType": "Absolute",
                  "bounds": "450 200 110 400"
                }
              },
              {
                "version": 2,
                "componentData": {
                  "version": 1,
                  "name": "rxFader4",
                  "type": "faderLg",
                  "data": {
                    "version": 1,
                    "handleName": "Data"
                  }
                },
                "handle remapping": {
                  "version": 1,
                  "map": [
                    {
                      "key": "Data",
                      "value": "Parameter 38"
                    }
                  ]
                },
                "bounds": {
                  "version": 1,
                  "acceptsHWFocus": "Yes",
                  "showWhenDataModelInvalid": "Hide",
                  "whenVisible": "Always",
                  "boundsType": "Absolute",
                  "bounds": "570 200 110 400"
                }
              },
              {
                "version": 2,
                "componentData": {
                  "version": 1,
                  "name": "rxFader5",
                  "type": "faderLg",
                  "data": {
                    "version": 1,
                    "handleName": "Data"
                  }
                },
                "handle remapping": {
                  "version": 1,
                  "map": [
                    {
                      "key": "Data",
                      "value": "Parameter 39"
                    }
                  ]
                },
                "bounds": {
                  "version": 1,
                  "acceptsHWFocus": "Yes",
                  "showWhenDataModelInvalid": "Hide",
                  "whenVisible": "Always",
                  "boundsType": "Absolute",
                  "bounds": "690 200 110 400"
                }
              },
              {
                "version": 2,
                "componentData": {
                  "version": 1,
                  "name": "rxFader6",
                  "type": "faderLg",
                  "data": {
                    "version": 1,
                    "handleName": "Data"
                  }
                },
                "handle remapping": {
                  "version": 1,
                  "map": [
                    {
                      "key": "Data",
                      "value": "Parameter 40"
                    }
                  ]
                },
                "bounds": {
                  "version": 1,
                  "acceptsHWFocus": "Yes",
                  "showWhenDataModelInvalid": "Hide",
                  "whenVisible": "Always",
                  "boundsType": "Absolute",
                  "bounds": "810 200 110 400"
                }
              },
              {
                "version": 2,
                "componentData": {
                  "version": 1,
                  "name": "rxFader7",
                  "type": "faderLg",
                  "data": {
                    "version": 1,
                    "handleName": "Data"
                  }
                },
                "handle remapping": {
                  "version": 1,
                  "map": [
                    {
                      "key": "Data",
                      "value": "Parameter 41"
                    }
                  ]
                },
                "bounds": {
                  "version": 1,
                  "acceptsHWFocus": "Yes",
                  "showWhenDataModelInvalid": "Hide",
                  "whenVisible": "Always",
                  "boundsType": "Absolute",
                  "bounds": "930 200 110 400"
                }
              },
              {
                "version": 2,
                "componentData": {
                  "version": 1,
                  "name": "rxFader8",
                  "type": "faderLg",
                  "data": {
                    "version": 1,
                    "handleName": "Data"
                  }
                },
                "handle remapping": {
                  "version": 1,
                  "map": [
                    {
                      "key": "Data",
                      "value": "Parameter 42"
                    }
                  ]
                },
                "bounds": {
                  "version": 1,
                  "acceptsHWFocus": "Yes",
                  "showWhenDataModelInvalid": "Hide",
                  "whenVisible": "Always",
                  "boundsType": "Absolute",
                  "bounds": "1050 200 110 400"
                }
              },
              {
                "version": 2,
                "componentData": {
                  "version": 1,
                  "name": "pVolume1",
                  "type": "potRegular",
                  "data": {
                    "version": 1,
                    "handleName": "Data"
                  }
                },
                "handle remapping": {
                  "version": 1,
                  "map": [
                    {
                      "key": "Data",
                      "value": "Parameter 323"
                    }
                  ]
                },
                "bounds": {
                  "version": 1,
                  "acceptsHWFocus": "Yes",
                  "showWhenDataModelInvalid": "Hide",
                  "whenVisible": "Always",
                  "boundsType": "Absolute",
                  "bounds": "130 110 80 80"
                }
              },
              {
                "version": 2,
                "componentData": {
                  "version": 1,
                  "name": "pVolume2",
                  "type": "potRegular",
                  "data": {
                    "version": 1,
                    "handleName": "Data"
                  }
                },
                "handle remapping": {
                  "version": 1,
                  "map": [
                    {
                      "key": "Data",
                      "value": "Parameter 324"
                    }
                  ]
                },
                "bounds": {
                  "version": 1,
                  "acceptsHWFocus": "Yes",
                  "showWhenDataModelInvalid": "Hide",
                  "whenVisible": "Always",
                  "boundsType": "Absolute",
                  "bounds": "245 110 80 80"
                }
              },
              {
                "version": 2,
                "componentData": {
                  "version": 1,
                  "name": "pVolume3",
                  "type": "potRegular",
                  "data": {
                    "version": 1,
                    "handleName": "Data"
                  }
                },
                "handle remapping": {
                  "version": 1,
                  "map": [
                    {
                      "key": "Data",
                      "value": "Parameter 325"
                    }
                  ]
                },
                "bounds": {
                  "version": 1,
                  "acceptsHWFocus": "Yes",
                  "showWhenDataModelInvalid": "Hide",
                  "whenVisible": "Always",
                  "boundsType": "Absolute",
                  "bounds": "360 110 80 80"
                }
              },
              {
                "version": 2,
                "componentData": {
                  "version": 1,
                  "name": "pVolume4",
                  "type": "potRegular",
                  "data": {
                    "version": 1,
                    "handleName": "Data"
                  }
                },
                "handle remapping": {
                  "version": 1,
                  "map": [
                    {
                      "key": "Data",
                      "value": "Parameter 326"
                    }
                  ]
                },
                "bounds": {
                  "version": 1,
                  "acceptsHWFocus": "Yes",
                  "showWhenDataModelInvalid": "Hide",
                  "whenVisible": "Always",
                  "boundsType": "Absolute",
                  "bounds": "475 110 80 80"
                }
              },
              {
                "version": 2,
                "componentData": {
                  "version": 1,
                  "name": "pVolume5",
                  "type": "potRegular",
                  "data": {
                    "version": 1,
                    "handleName": "Data"
                  }
                },
                "handle remapping": {
                  "version": 1,
                  "map": [
                    {
                      "key": "Data",
                      "value": "Parameter 327"
                    }
                  ]
                },
                "bounds": {
                  "version": 1,
                  "acceptsHWFocus": "Yes",
                  "showWhenDataModelInvalid": "Hide",
                  "whenVisible": "Always",
                  "boundsType": "Absolute",
                  "bounds": "590 110 80 80"
                }
              },
              {
                "version": 2,
                "componentData": {
                  "version": 1,
                  "name": "pVolume6",
                  "type": "potRegular",
                  "data": {
                    "version": 1,
                    "handleName": "Data"
                  }
                },
                "handle remapping": {
                  "version": 1,
                  "map": [
                    {
                      "key": "Data",
                      "value": "Parameter 328"
                    }
                  ]
                },
                "bounds": {
                  "version": 1,
                  "acceptsHWFocus": "Yes",
                  "showWhenDataModelInvalid": "Hide",
                  "whenVisible": "Always",
                  "boundsType": "Absolute",
                  "bounds": "705 110 80 80"
                }
              },
              {
                "version": 2,
                "componentData": {
                  "version": 1,
                  "name": "pVolume7",
                  "type": "potRegular",
                  "data": {
                    "version": 1,
                    "handleName": "Data"
                  }
                },
                "handle remapping": {
                  "version": 1,
                  "map": [
                    {
                      "key": "Data",
                      "value": "Parameter 329"
                    }
                  ]
                },
                "bounds": {
                  "version": 1,
                  "acceptsHWFocus": "Yes",
                  "showWhenDataModelInvalid": "Hide",
                  "whenVisible": "Always",
                  "boundsType": "Absolute",
                  "bounds": "820 110 80 80"
                }
              },
              {
                "version": 2,
                "componentData": {
                  "version": 1,
                  "name": "pVolume8",
                  "type": "potRegular",
                  "data": {
                    "version": 1,
                    "handleName": "Data"
                  }
                },
                "handle remapping": {
                  "version": 1,
                  "map": [
                    {
                      "key": "Data",
                      "value": "Parameter 330"
                    }
                  ]
                },
                "bounds": {
                  "version": 1,
                  "acceptsHWFocus": "Yes",
                  "showWhenDataModelInvalid": "Hide",
                  "whenVisible": "Always",
                  "boundsType": "Absolute",
                  "bounds": "935 110 80 80"
                }
              },
              {
                "version": 2,
                "componentData": {
                  "version": 1,
                  "name": "pPan1",
                  "type": "potPanning",
                  "data": {
                    "version": 1,
                    "handleName": "Data"
                  }
                },
                "handle remapping": {
                  "version": 1,
                  "map": [
                    {
                      "key": "Data",
                      "value": "Parameter 288"
                    }
                  ]
                },
                "bounds": {
                  "version": 1,
                  "acceptsHWFocus": "Yes",
                  "showWhenDataModelInvalid": "Hide",
                  "whenVisible": "Always",
                  "boundsType": "Absolute",
                  "bounds": "130 50 80 80"
                }
              },
              {
                "version": 2,
                "componentData": {
                  "version": 1,
                  "name": "pPan2",
                  "type": "potPanning",
                  "data": {
                    "version": 1,
                    "handleName": "Data"
                  }
                },
                "handle remapping": {
                  "version": 1,
                  "map": [
                    {
                      "key": "Data",
                      "value": "Parameter 289"
                    }
                  ]
                },
                "bounds": {
                  "version": 1,
                  "acceptsHWFocus": "Yes",
                  "showWhenDataModelInvalid": "Hide",
                  "whenVisible": "Always",
                  "boundsType": "Absolute",
                  "bounds": "245 50 80 80"
                }
              },
              {
                "version": 2,
                "componentData": {
                  "version": 1,
                  "name": "pPan3",
                  "type": "potPanning",
                  "data": {
                    "version": 1,
                    "handleName": "Data"
                  }
                },
                "handle remapping": {
                  "version": 1,
                  "map": [
                    {
                      "key": "Data",
                      "value": "Parameter 290"
                    }
                  ]
                },
                "bounds": {
                  "version": 1,
                  "acceptsHWFocus": "Yes",
                  "showWhenDataModelInvalid": "Hide",
                  "whenVisible": "Always",
                  "boundsType": "Absolute",
                  "bounds": "360 50 80 80"
                }
              },
              {
                "version": 2,
                "componentData": {
                  "version": 1,
                  "name": "pPan4",
                  "type": "potPanning",
                  "data": {
                    "version": 1,
                    "handleName": "Data"
                  }
                },
                "handle remapping": {
                  "version": 1,
                  "map": [
                    {
                      "key": "Data",
                      "value": "Parameter 42"
                    }
                  ]
                },
                "bounds": {
                  "version": 1,
                  "acceptsHWFocus": "Yes",
                  "showWhenDataModelInvalid": "Hide",
                  "whenVisible": "Always",
                  "boundsType": "Absolute",
                  "bounds": "475 50 80 80"
                }
              },
              {
                "version": 2,
                "componentData": {
                  "version": 1,
                  "name": "pPan5",
                  "type": "potPanning",
                  "data": {
                    "version": 1,
                    "handleName": "Data"
                  }
                },
                "handle remapping": {
                  "version": 1,
                  "map": [
                    {
                      "key": "Data",
                      "value": "Parameter 42"
                    }
                  ]
                },
                "bounds": {
                  "version": 1,
                  "acceptsHWFocus": "Yes",
                  "showWhenDataModelInvalid": "Hide",
                  "whenVisible": "Always",
                  "boundsType": "Absolute",
                  "bounds": "590 50 80 80"
                }
              },
              {
                "version": 2,
                "componentData": {
                  "version": 1,
                  "name": "pPan6",
                  "type": "potPanning",
                  "data": {
                    "version": 1,
                    "handleName": "Data"
                  }
                },
                "handle remapping": {
                  "version": 1,
                  "map": [
                    {
                      "key": "Data",
                      "value": "Parameter 42"
                    }
                  ]
                },
                "bounds": {
                  "version": 1,
                  "acceptsHWFocus": "Yes",
                  "showWhenDataModelInvalid": "Hide",
                  "whenVisible": "Always",
                  "boundsType": "Absolute",
                  "bounds": "705 50 80 80"
                }
              },
              {
                "version": 2,
                "componentData": {
                  "version": 1,
                  "name": "pPan7",
                  "type": "potPanning",
                  "data": {
                    "version": 1,
                    "handleName": "Data"
                  }
                },
                "handle remapping": {
                  "version": 1,
                  "map": [
                    {
                      "key": "Data",
                      "value": "Parameter 42"
                    }
                  ]
                },
                "bounds": {
                  "version": 1,
                  "acceptsHWFocus": "Yes",
                  "showWhenDataModelInvalid": "Hide",
                  "whenVisible": "Always",
                  "boundsType": "Absolute",
                  "bounds": "820 50 80 80"
                }
              },
              {
                "version": 2,
                "componentData": {
                  "version": 1,
                  "name": "pPan8",
                  "type": "potPanning",
                  "data": {
                    "version": 1,
                    "handleName": "Data"
                  }
                },
                "handle remapping": {
                  "version": 1,
                  "map": [
                    {
                      "key": "Data",
                      "value": "Parameter 42"
                    }
                  ]
                },
                "bounds": {
                  "version": 1,
                  "acceptsHWFocus": "Yes",
                  "showWhenDataModelInvalid": "Hide",
                  "whenVisible": "Always",
                  "boundsType": "Absolute",
                  "bounds": "935 50 80 80"
                }
              },
              {
                "version": 2,
                "componentData": {
                  "version": 1,
                  "name": "Image",
                  "type": "Image",
                  "data": {
                    "version": 2,
                    "imageType": "Regular",
                    "colour": "000000",
                    "image": "construction.png"
                  }
                },
                "handle remapping": {
                  "version": 1,
                  "map": [
                    {
                      "key": "Data",
                      "value": "Invalid"
                    }
                  ]
                },
                "bounds": {
                  "version": 1,
                  "acceptsHWFocus": "No",
                  "showWhenDataModelInvalid": "Show",
                  "whenVisible": "Always",
                  "boundsType": "Absolute",
                  "bounds": "0 0 1280 630"
                }
              }
            ]
          }
        }
      ]
    },
    "info": {
      "version": 1,
      "type": "CompleteDescription"
    },
    "tabs": [
      {
        "version": 3,
        "tabName": "rx1200",
        "fnKeyIndex": 0,
        "fnKeySubIndex": 0,
        "qlinkBoundsData": [],
        "componentName": "perfGui",
        "initialSize": "0 0 1280 630",
        "scale": 0.57
      }
    ]
  }
}